{
    "version": "0.96.0",
    "userCodeDir": null,
    "settings": {
        "isFirstRun": false,
        "serviceRunning": true,
        "menuTakesFocus": false,
        "showTrayIcon": true,
        "sortByUsageCount": true,
        "promptToSave": false,
        "enableQT4Workaround": false,
        "interfaceType": "XRecord",
        "undoUsingBackspace": true,
        "windowDefaultSize": [
            800,
            600
        ],
        "hPanePosition": 655,
        "columnWidths": [
            200,
            61,
            428
        ],
        "showToolbar": true,
        "notificationIcon": "autokey-status",
        "workAroundApps": ".*VirtualBox.*|krdc.Krdc",
        "triggerItemByInitial": false,
        "disabledModifiers": [],
        "scriptGlobals": {},
        "gtkTheme": "classic",
        "gtkExpandedRows": [],
        "pathLastOpen": "0"
    },
    "folders": [],
    "toggleServiceHotkey": {
        "enabled": true,
        "modifiers": [
            "<shift>",
            "<super>"
        ],
        "hotKey": "k"
    },
    "configHotkey": {
        "enabled": true,
        "modifiers": [
            "<super>"
        ],
        "hotKey": "k"
    }
}